{
  "GetAll 2min rule-1" : {
    "transaction" : "GetAll 2min rule-1",
    "sampleCount" : 190,
    "errorCount" : 13,
    "errorPct" : 6.8421054,
    "meanResTime" : 693.2368421052631,
    "medianResTime" : 608.5,
    "minResTime" : 21.0,
    "maxResTime" : 1611.0,
    "pct1ResTime" : 1178.5,
    "pct2ResTime" : 1241.45,
    "pct3ResTime" : 1448.1100000000006,
    "throughput" : 1.7761159149333958,
    "receivedKBytesPerSec" : 2.098073440056088,
    "sentKBytesPerSec" : 0.23561652839448471
  },
  "GetAll Archives" : {
    "transaction" : "GetAll Archives",
    "sampleCount" : 380,
    "errorCount" : 191,
    "errorPct" : 50.263157,
    "meanResTime" : 10118.747368421058,
    "medianResTime" : 1623.0,
    "minResTime" : 43.0,
    "maxResTime" : 21062.0,
    "pct1ResTime" : 21054.0,
    "pct2ResTime" : 21056.95,
    "pct3ResTime" : 21061.19,
    "throughput" : 2.2126727922766074,
    "receivedKBytesPerSec" : 4.842149405999255,
    "sentKBytesPerSec" : 0.2984936083598272
  },
  "GetAll Archives-1" : {
    "transaction" : "GetAll Archives-1",
    "sampleCount" : 196,
    "errorCount" : 7,
    "errorPct" : 3.5714285,
    "meanResTime" : 760.1377551020404,
    "medianResTime" : 659.5,
    "minResTime" : 15.0,
    "maxResTime" : 1524.0,
    "pct1ResTime" : 1195.5,
    "pct2ResTime" : 1356.6999999999991,
    "pct3ResTime" : 1516.24,
    "throughput" : 1.8349139181965417,
    "receivedKBytesPerSec" : 2.0988638132272954,
    "sentKBytesPerSec" : 0.25054715365999797
  },
  "GetAll 2min rule-0" : {
    "transaction" : "GetAll 2min rule-0",
    "sampleCount" : 190,
    "errorCount" : 0,
    "errorPct" : 0.0,
    "meanResTime" : 352.2210526315789,
    "medianResTime" : 308.0,
    "minResTime" : 284.0,
    "maxResTime" : 913.0,
    "pct1ResTime" : 344.9,
    "pct2ResTime" : 882.9,
    "pct3ResTime" : 907.54,
    "throughput" : 1.7685441158675639,
    "receivedKBytesPerSec" : 0.9102148257518639,
    "sentKBytesPerSec" : 0.22970348379920508
  },
  "GetAll Archives-0" : {
    "transaction" : "GetAll Archives-0",
    "sampleCount" : 196,
    "errorCount" : 0,
    "errorPct" : 0.0,
    "meanResTime" : 380.4081632653063,
    "medianResTime" : 312.0,
    "minResTime" : 284.0,
    "maxResTime" : 947.0,
    "pct1ResTime" : 850.1000000000001,
    "pct2ResTime" : 903.7499999999999,
    "pct3ResTime" : 947.0,
    "throughput" : 1.835927986661421,
    "receivedKBytesPerSec" : 0.9449672389891156,
    "sentKBytesPerSec" : 0.22949099833267766
  },
  "Home-0" : {
    "transaction" : "Home-0",
    "sampleCount" : 225,
    "errorCount" : 0,
    "errorPct" : 0.0,
    "meanResTime" : 1211.928888888888,
    "medianResTime" : 1180.0,
    "minResTime" : 1098.0,
    "maxResTime" : 2291.0,
    "pct1ResTime" : 1299.8000000000002,
    "pct2ResTime" : 1496.2999999999995,
    "pct3ResTime" : 1636.96,
    "throughput" : 2.0832947538008555,
    "receivedKBytesPerSec" : 1.0723813997657452,
    "sentKBytesPerSec" : 0.24413610396103777
  },
  "Home-1" : {
    "transaction" : "Home-1",
    "sampleCount" : 225,
    "errorCount" : 45,
    "errorPct" : 20.0,
    "meanResTime" : 647.5244444444447,
    "medianResTime" : 567.0,
    "minResTime" : 1.0,
    "maxResTime" : 1506.0,
    "pct1ResTime" : 1218.0,
    "pct2ResTime" : 1337.5999999999995,
    "pct3ResTime" : 1469.0200000000002,
    "throughput" : 2.1032951624211265,
    "receivedKBytesPerSec" : 2.899005316662772,
    "sentKBytesPerSec" : 0.23826390511801823
  },
  "GetAll About-0" : {
    "transaction" : "GetAll About-0",
    "sampleCount" : 202,
    "errorCount" : 0,
    "errorPct" : 0.0,
    "meanResTime" : 413.41584158415844,
    "medianResTime" : 312.5,
    "minResTime" : 282.0,
    "maxResTime" : 939.0,
    "pct1ResTime" : 878.7,
    "pct2ResTime" : 893.85,
    "pct3ResTime" : 936.79,
    "throughput" : 1.8913149320250178,
    "receivedKBytesPerSec" : 0.973398848591813,
    "sentKBytesPerSec" : 0.23087340478821017
  },
  "GetAll About-1" : {
    "transaction" : "GetAll About-1",
    "sampleCount" : 202,
    "errorCount" : 17,
    "errorPct" : 8.415842,
    "meanResTime" : 739.7178217821782,
    "medianResTime" : 635.5,
    "minResTime" : 9.0,
    "maxResTime" : 1517.0,
    "pct1ResTime" : 1225.5000000000005,
    "pct2ResTime" : 1292.8,
    "pct3ResTime" : 1494.97,
    "throughput" : 1.8877446124516382,
    "receivedKBytesPerSec" : 2.2890892946423564,
    "sentKBytesPerSec" : 0.24481140368297105
  },
  "Total" : {
    "transaction" : "Total",
    "sampleCount" : 3079,
    "errorCount" : 804,
    "errorPct" : 26.112373,
    "meanResTime" : 4806.798960701537,
    "medianResTime" : 1001.0,
    "minResTime" : 1.0,
    "maxResTime" : 21072.0,
    "pct1ResTime" : 21042.0,
    "pct2ResTime" : 21048.0,
    "pct3ResTime" : 21057.0,
    "throughput" : 15.733908386648405,
    "receivedKBytesPerSec" : 23.548040215938823,
    "sentKBytesPerSec" : 2.083431808658504
  },
  "GetAll 2min rule" : {
    "transaction" : "GetAll 2min rule",
    "sampleCount" : 313,
    "errorCount" : 136,
    "errorPct" : 43.450478,
    "meanResTime" : 8036.795527156547,
    "medianResTime" : 1302.0,
    "minResTime" : 37.0,
    "maxResTime" : 21072.0,
    "pct1ResTime" : 21047.0,
    "pct2ResTime" : 21054.0,
    "pct3ResTime" : 21057.86,
    "throughput" : 1.62475018816995,
    "receivedKBytesPerSec" : 3.4104130573723688,
    "sentKBytesPerSec" : 0.2589364504658828
  },
  "GetAll About" : {
    "transaction" : "GetAll About",
    "sampleCount" : 380,
    "errorCount" : 195,
    "errorPct" : 51.31579,
    "meanResTime" : 9700.492105263163,
    "medianResTime" : 1549.5,
    "minResTime" : 6.0,
    "maxResTime" : 21063.0,
    "pct1ResTime" : 21047.0,
    "pct2ResTime" : 21049.0,
    "pct3ResTime" : 21050.38,
    "throughput" : 2.508598551614415,
    "receivedKBytesPerSec" : 5.525937433984248,
    "sentKBytesPerSec" : 0.33571975117012914
  },
  "Home" : {
    "transaction" : "Home",
    "sampleCount" : 380,
    "errorCount" : 200,
    "errorPct" : 52.63158,
    "meanResTime" : 9683.715789473683,
    "medianResTime" : 2368.0,
    "minResTime" : 1152.0,
    "maxResTime" : 21069.0,
    "pct1ResTime" : 21048.0,
    "pct2ResTime" : 21051.95,
    "pct3ResTime" : 21059.76,
    "throughput" : 2.867015738407448,
    "receivedKBytesPerSec" : 6.491257547136002,
    "sentKBytesPerSec" : 0.39123801323354107
  }
}